{
  "baseline": {
    "validation/accuracy": [
      [
        4,
        0.375
      ],
      [
        8,
        0.34375
      ]
    ],
    "train/reward": [
      [
        1,
        0.5625
      ],
      [
        2,
        0.5
      ],
      [
        3,
        0.3125
      ],
      [
        4,
        0.78125
      ],
      [
        5,
        0.625
      ],
      [
        6,
        0.3125
      ],
      [
        7,
        0.1875
      ],
      [
        8,
        0.5
      ]
    ],
    "train/loss": [
      [
        1,
        -0.09124285727739334
      ],
      [
        2,
        1.0303778026354848e-06
      ],
      [
        3,
        -0.022790607064962387
      ],
      [
        4,
        -0.10383187234401703
      ],
      [
        5,
        0.0018130530370399356
      ],
      [
        6,
        0.03739910572767258
      ],
      [
        7,
        0.039194416254758835
      ],
      [
        8,
        0.0063935015350580215
      ]
    ],
    "train/baseline_reward/pct_1": [
      [
        1,
        6.25
      ],
      [
        2,
        50.0
      ],
      [
        3,
        0.0
      ],
      [
        4,
        31.25
      ],
      [
        5,
        50.0
      ],
      [
        6,
        0.0
      ],
      [
        7,
        0.0
      ],
      [
        8,
        25.0
      ]
    ],
    "train/advantages/mean": [
      [
        1,
        0.0911903828382492
      ],
      [
        2,
        0.0
      ],
      [
        3,
        0.022915467619895935
      ],
      [
        4,
        0.10378216207027435
      ],
      [
        5,
        -0.0018178694881498814
      ],
      [
        6,
        -0.03722875937819481
      ],
      [
        7,
        -0.039038293063640594
      ],
      [
        8,
        -0.00629122881218791
      ]
    ],
    "train/dg_gate_mean": [
      [
        1,
        1.0
      ],
      [
        2,
        1.0
      ],
      [
        3,
        1.0
      ],
      [
        4,
        1.0
      ],
      [
        5,
        1.0
      ],
      [
        6,
        1.0
      ],
      [
        7,
        1.0
      ],
      [
        8,
        1.0
      ]
    ],
    "train/dg_gate_positive_mean": [
      [
        1,
        1.0
      ],
      [
        2,
        1.0
      ],
      [
        3,
        1.0
      ],
      [
        4,
        1.0
      ],
      [
        5,
        1.0
      ],
      [
        6,
        1.0
      ],
      [
        7,
        1.0
      ],
      [
        8,
        1.0
      ]
    ],
    "train/dg_gate_negative_mean": [
      [
        1,
        1.0
      ],
      [
        2,
        1.0
      ],
      [
        3,
        1.0
      ],
      [
        4,
        1.0
      ],
      [
        5,
        1.0
      ],
      [
        6,
        1.0
      ],
      [
        7,
        1.0
      ],
      [
        8,
        1.0
      ]
    ],
    "train/dg_gate_spread": [
      [
        1,
        0.0
      ],
      [
        2,
        0.0
      ],
      [
        3,
        0.0
      ],
      [
        4,
        0.0
      ],
      [
        5,
        0.0
      ],
      [
        6,
        0.0
      ],
      [
        7,
        0.0
      ],
      [
        8,
        0.0
      ]
    ],
    "train/dg_surprisal_mean": [
      [
        1,
        0.15611840784549713
      ],
      [
        2,
        0.11185859143733978
      ],
      [
        3,
        0.1839360147714615
      ],
      [
        4,
        0.11958511918783188
      ],
      [
        5,
        0.11533594131469727
      ],
      [
        6,
        0.11000490933656693
      ],
      [
        7,
        0.1316404491662979
      ],
      [
        8,
        0.3501189649105072
      ]
    ],
    "train/dg_surprisal_max": [
      [
        1,
        16.96613883972168
      ],
      [
        2,
        15.269294738769531
      ],
      [
        3,
        16.156543731689453
      ],
      [
        4,
        16.05544090270996
      ],
      [
        5,
        17.763813018798828
      ],
      [
        6,
        17.471389770507812
      ],
      [
        7,
        15.679616928100586
      ],
      [
        8,
        16.77435302734375
      ]
    ],
    "timing/train/total_step_time": [
      [
        1,
        38.630592346191406
      ],
      [
        2,
        37.91411590576172
      ],
      [
        3,
        38.17741394042969
      ],
      [
        4,
        52.18531799316406
      ],
      [
        5,
        24.603452682495117
      ],
      [
        6,
        39.056617736816406
      ],
      [
        7,
        32.265533447265625
      ],
      [
        8,
        54.48291015625
      ]
    ]
  },
  "dg_eta1p0": {
    "validation/accuracy": [
      [
        4,
        0.328125
      ],
      [
        8,
        0.3125
      ]
    ],
    "train/reward": [
      [
        1,
        0.5625
      ],
      [
        2,
        0.5
      ],
      [
        3,
        0.3125
      ],
      [
        4,
        0.84375
      ],
      [
        5,
        0.59375
      ],
      [
        6,
        0.3125
      ],
      [
        7,
        0.21875
      ],
      [
        8,
        0.5
      ]
    ],
    "train/loss": [
      [
        1,
        -0.05652036517858505
      ],
      [
        2,
        1.1721600685632438e-06
      ],
      [
        3,
        0.006396349519491196
      ],
      [
        4,
        -0.02989637665450573
      ],
      [
        5,
        -0.027748892083764076
      ],
      [
        6,
        0.021579500287771225
      ],
      [
        7,
        0.04310974106192589
      ],
      [
        8,
        -0.014194701798260212
      ]
    ],
    "train/baseline_reward/pct_1": [
      [
        1,
        6.25
      ],
      [
        2,
        50.0
      ],
      [
        3,
        0.0
      ],
      [
        4,
        53.125
      ],
      [
        5,
        28.125
      ],
      [
        6,
        0.0
      ],
      [
        7,
        0.0
      ],
      [
        8,
        25.0
      ]
    ],
    "train/advantages/mean": [
      [
        1,
        0.0911903828382492
      ],
      [
        2,
        0.0
      ],
      [
        3,
        -0.03703070804476738
      ],
      [
        4,
        0.04250379651784897
      ],
      [
        5,
        0.04309891164302826
      ],
      [
        6,
        -0.07837498933076859
      ],
      [
        7,
        -0.09934566169977188
      ],
      [
        8,
        5.775731448665056e-09
      ]
    ],
    "train/dg_gate_mean": [
      [
        1,
        0.5042545795440674
      ],
      [
        2,
        0.5
      ],
      [
        3,
        0.49883466958999634
      ],
      [
        4,
        0.5006007552146912
      ],
      [
        5,
        0.5008872747421265
      ],
      [
        6,
        0.49784886837005615
      ],
      [
        7,
        0.5015245676040649
      ],
      [
        8,
        0.4982631504535675
      ]
    ],
    "train/dg_gate_positive_mean": [
      [
        1,
        0.5042545795440674
      ],
      [
        2,
        0.5
      ],
      [
        3,
        0.49883466958999634
      ],
      [
        4,
        0.5006007552146912
      ],
      [
        5,
        0.5008872747421265
      ],
      [
        6,
        0.49784886837005615
      ],
      [
        7,
        0.5015245676040649
      ],
      [
        8,
        0.4982631504535675
      ]
    ],
    "train/dg_gate_negative_mean": [
      [
        1,
        0.5042545795440674
      ],
      [
        2,
        0.5
      ],
      [
        3,
        0.49883466958999634
      ],
      [
        4,
        0.5006007552146912
      ],
      [
        5,
        0.5008872747421265
      ],
      [
        6,
        0.49784886837005615
      ],
      [
        7,
        0.5015245676040649
      ],
      [
        8,
        0.4982631504535675
      ]
    ],